hsyps,malicious
douniuchuqiandujutingpai,malicious
07ruien,malicious
laigong,malicious
sun278,malicious
cx888999,malicious
jing3188,malicious
zuixinsangonggaokejiyulepaiju45462,malicious
cx8833,malicious
8cc,legal
328mscnet,malicious
1013988wpai,malicious
tvbjsu,malicious
zuixinmajiangchuqianduju11358,malicious
jing1388,malicious
63ea1ndd88,malicious
hnmmstumblr,malicious
84aff884a2,malicious
zjtuc,malicious
qhfjbbs,malicious
hjm35,malicious
wdhsyc,malicious
saey9,malicious
zjsvip,malicious
zzevp,malicious
hsvzn,malicious
bjzhuoda,malicious
erjhsy,malicious
zjsvip,malicious
hjm35,malicious
zjdv10086,malicious
hg10008,malicious
tvtvbjs,malicious
hsnvx,malicious
zghsyaww,malicious
37wc,malicious
rq,malicious
hsyiaa,malicious
mailttxvm,malicious
wm2w,malicious
hfkdkw,malicious
kaoyandaikao,malicious
mbadaikao,malicious
dwk9,malicious
123chb,malicious
dw6c,malicious
qqitx,malicious
tjjssw,malicious
beijingdaikaoh45h5gf,malicious
yasi,legal
yingyu-qiangshou,malicious
klean8,malicious
sanji-yingyu,malicious
lbtkw,malicious
qndkao,malicious
chengren-sanji,legal
xo0uo,malicious
mb4-873,malicious
qihdkw,malicious
beijing-tikao,malicious
31fddhaiyu1,malicious
6f89epuke9,malicious
pukepaichuqianmeili88,malicious
eflksd,malicious
gzbs1688izhisou,malicious
80,malicious
zzyedu,malicious
zg2013hsy,malicious
zghsyintv,malicious
szjf6,malicious
zghsy8u,malicious
360mkc003,malicious
ccjstv,malicious
kskeu,malicious
ccmk33,malicious
16e6651wanp,malicious
8c00bgaokej,malicious
sangongchuqiangongju5jiqiao,malicious
cx8899,malicious
cx8899,malicious
jd6899,malicious
nj-fule,malicious
3gongchuqian555nx,malicious
cx6899,malicious
cx8899i,malicious
zuixinchuqiandujuhuxiang,malicious
pukepaichuqiandujuhupai8,malicious
5d705nxpju,malicious
zuixinmajiangchuqianduju5hongx,malicious
hunandiannao,malicious
sangongdanrencaozuoganyingqinxwan,malicious
pukechuqianguangpan5jiqiao,malicious
douniuwanfa999nx,malicious
c03baaww2,malicious
85dc0wenat,malicious
dusangongdachixiaozenmechuqianlaike8,malicious
2be17fafal,malicious
mobaimall,malicious
zuixindujuzhikongsezihuangnx,malicious
w,malicious
guangzhoudayangyulepaijuduwan,malicious
139,malicious
mbaoyang,malicious
baoyang9,malicious
zbaoyang,malicious
sbias,malicious
dezhoupukeruhechuqianhahahu,malicious
6802annwae,malicious
8edc2ndd88,malicious
wanpaijiuchuqiandujuyule88,malicious
daikaoyingyu,malicious
chuqiantoushidujudaquanhupai8,malicious
beijingdaikao5347450,malicious
8f49ffanuoxin,malicious
dujinhuazenmechuqianpaijy,malicious
zuixinchuqiandujuhaha5,malicious
zhajinhuachuqianfangfanxkauile,malicious
zhajinhuachuqiandaojujineng88,malicious
wanpaijiuchuqiandujunxwan,malicious
dubochuqianzhajinhuayl777,malicious
pukezuobijishu9999nx,malicious
jinkouyy,malicious
hsa1ltumblr,malicious
sun557,malicious
zjtvhrbxlbxg,malicious
r0757,malicious
bjhzqz,malicious
diandaedu,legal
zsyhsy,malicious
yuanyangair,legal
11company,legal
guangzhoupukedujuzhidianyiyingdp,malicious
2b29f888nx,malicious
zjktu,malicious
lfdaoj,malicious
zzje10086,malicious
sqqvod,malicious
hppaug,malicious
hsykk,legal
zghsyvm,malicious
34,malicious
139,malicious
ky2324,malicious
sm8338,malicious
ivalium,malicious
hsyps198,malicious
23d90haiyu1,malicious
66lz,malicious
qqmvt,malicious
hexiejiay,malicious
facebook,legal
google,legal
youtube,legal
yahoo,legal
baidu,malicious
wikipedia,legal
amazon,legal
live,legal
qq,malicious
taobao,legal
blogspot,legal
googleco,legal
twitter,legal
linkedin,legal
yahooco,legal
bing,legal
sinacom,legal
yandex,legal
msn,legal
vk,legal
ebay,legal
wordpress,legal
googlecom,legal
google,legal
163,malicious
weibo,legal
googleco,legal
googleco,legal
mail,legal
microsoft,legal
ask,legal
tumblr,legal
google,legal
hao123,legal
xvideos,legal
googleusercontent,legal
conduit,legal
googlecom,legal
pinterest,legal
fc2,legal
delta-search,legal
google,legal
xhamster,legal
craigslist,legal
amazonco,legal
tmall,legal
mywebsearch,malicious
google,legal
google,legal
babylon,legal
sohu,legal
paypal,legal
adobe,legal
imdb,legal
apple,legal
odnoklassniki,legal
instagram,legal
bbcco,legal
soso,legal
pornhub,legal
ifeng,legal
googlecom,legal
amazon,legal
avg,legal
aol,legal
google,legal
go,malicious
blogger,legal
cnn,legal
youku,legal
360,legal
alibaba,legal
adcash,legal
yieldmanager,legal
redtube,legal
blogspot,legal
alipay,legal
neobux,legal
adf,legal
rakutenco,legal
about,legal
googlecom,legal
xnxx,legal
googlecom,legal
bpblogspot,legal
flickr,legal
dailymotion,legal
ebay,legal
sogou,legal
ku6,legal
amazonco,legal
google,legal
stackoverflow,legal
huffingtonpost,legal
imgur,legal
livejasmin,legal
jd,malicious
youporn,legal
livedoor,legal
thepiratebay,legal
netflix,legal
uolcom,legal
ebayco,legal
t,legal
ameblo,legal
espngo,legal
nicovideo,legal
cnet,legal
chinaz,legal
wordpress,legal
globo,legal
incredibar,legal
googlecom,legal
wigetmedia,legal
douban,legal
google,legal
reddit,legal
nytimes,legal
mediafire,legal
indiatimes,legal
googlecom,legal
searchnu,legal
googlecom,legal
weather,legal
4shared,legal
56,malicious
tube8,legal
directrev,legal
godaddy,legal
amazon,legal
softonic,legal
amazonaws,legal
bankofamerica,legal
kat,legal
deviantart,legal
dailymailco,legal
googleco,legal
ehow,legal
renren,legal
livejournal,legal
badoo,legal
blogfa,legal
ask,legal
vimeo,legal
slideshare,legal
googlecom,legal
googleco,legal
mediatumblr,legal
google,legal
goone,legal
